ID	FS2000_L01_59
rs1490413	1
rs5745448	2
rs11239930	1
rs7554936	2
rs560681	1
rs10801520	1
rs1106201	1
rs2292564	1
rs1294331	1
rs891700	1
rs1413212	2
rs826472	2
rs735155	1
rs3780962	1
rs4918664	2
rs740598	2
rs1498553	1
rs901398	2
rs1815739	1
rs1079597	1
rs10488710	1
rs2107612	1
rs2269355	2
rs2920816	1
rs2111980	2
rs2238151	2
rs10773760	1
rs1335873	2
rs1572018	1
rs2166624	1
rs1058083	2
rs354439	1
rs1454361	1
rs722290	2
rs2402130	2
rs873196	2
rs200354	2
rs1426654	2
rs1528460	2
rs2342747	2
rs17822931	2
rs9905977	1
rs4411548	2
rs4471745	1
rs11652805	1
rs938283	1
rs8078417	1
rs9951171	2
rs7226659	2
rs1736442	1
rs3916235	2
rs4891825	2
rs719366	1
rs576261	1
rs876724	2
rs798443	2
rs1109037	2
rs1049500	1
rs1876482	1
rs1834619	2
rs3899750	2
rs11123823	1
rs3827760	2
rs993934	2
rs6754311	2
rs10497191	2
rs12997453	2
rs1031825	1
rs2378249	2
rs2235907	1
rs8124995	1
rs1523537	1
rs722098	2
rs2830795	2
rs914165	1
rs221956	1
rs5749426	1
rs987640	2
rs2024566	1
rs2040411	1
rs1028528	1
rs1357617	1
rs4364205	2
rs4076086	2
rs14134	1
rs472728	1
rs9821880	1
rs2046361	2
rs4833103	2
rs279844	1
rs3805392	1
rs3756050	2
rs7690296	1
rs3811801	2
rs6811238	1
rs2172651	2
rs717302	2
rs870347	1
rs159606	2
rs13182883	1
rs7722456	2
rs7715674	2
rs338882	2
rs2274212	1
rs13218440	1
rs1997660	1
rs6909306	1
rs1337823	1
rs574202	1
rs7741536	1
rs192655	1
rs1336071	2
rs214955	2
rs727811	1
rs4719491	2
rs917115	2
rs321198	1
rs737681	1
rs763869	1
rs1462906	2
rs2196051	2
rs4606077	1
rs1871534	2
rs1015250	1
rs7041158	1
rs562381	2
rs1463729	2
rs1360288	1
rs10776839	1
