ID	G1210222105
rs1490413	2
rs5745448	1
rs3737576	1
rs11239930	2
rs7554936	2
rs3829868	1
rs10801520	1
rs1106201	2
rs2013162	2
rs2292564	1
rs1294331	1
rs10495407	1
rs891700	1
rs826472	1
rs735155	2
rs3780962	1
rs4918664	2
rs740598	2
rs964681	1
rs1498553	1
rs901398	2
rs1815739	1
rs1079597	1
rs10488710	1
rs2076848	2
rs2107612	1
rs2269355	2
rs2111980	1
rs2238151	2
rs1335873	2
rs1572018	2
rs7326934	1
rs354439	1
rs722290	1
rs2402130	2
rs873196	2
rs200354	2
rs4530059	1
rs1800414	1
rs1821380	1
rs735480	1
rs1426654	2
rs8037429	2
rs1528460	1
rs729172	1
rs17822931	2
rs1382387	2
rs9905977	1
rs11652805	2
rs7226659	2
rs1736442	2
rs3916235	2
rs4891825	2
rs719366	1
rs876724	1
rs3899750	1
rs11123823	2
rs3827760	1
rs260690	1
rs6754311	2
rs10497191	2
rs12997453	1
rs1031825	2
rs445251	1
rs2378249	2
rs1005533	1
rs2235907	1
rs8124995	1
rs1523537	1
rs722098	1
rs2830795	1
rs914165	1
rs221956	2
rs228104	2
rs733164	1
rs987640	1
rs1028528	1
rs11714239	2
rs1357617	1
rs4364205	1
rs4076086	1
rs2399332	2
rs2293195	2
rs9821880	2
rs6444724	1
rs2046361	1
rs4833103	2
rs279844	1
rs7690296	1
rs6811238	1
rs1979255	1
rs2172651	1
rs717302	2
rs26821	2
rs13182883	1
rs325238	1
rs7722456	2
rs338882	2
rs4959270	1
rs2274212	2
rs1997660	1
rs6909306	1
rs1337823	1
rs574202	1
rs7741536	2
rs1336071	1
rs727811	1
rs917118	1
rs4719491	1
rs917115	2
rs321198	2
rs737681	2
rs763869	2
rs10092491	2
rs1462906	2
rs2196051	2
rs4606077	2
rs1015250	1
rs7041158	2
rs562381	2
rs1463729	1
rs1360288	2
rs10776839	1
